T1,T5,H5,PY,Y
24.9,31.7,101.8,284.55,73.24098016
24.8,32,99.5,284.55,73.47331979
25.4,32.3,101.6,304.88,73.26099692
25.9,32.7,102,315.04,73.2209988
26.1,33.2,102.1,335.37,73.21102138
26.2,33.7,102,355.69,73.2209988
25.7,34.1,99.1,355.69,73.51420887
26,34.4,99.9,345.53,73.43257407
26,34.7,101,355.69,73.32125999
26.2,35,100.3,335.37,73.39197139
25.8,35.1,99.3,315.04,73.49374639
25.8,35.3,97.5,325.2,73.67920472
26,35.5,95.7,335.37,73.86759657
26.2,35.8,95,335.37,73.94165825
26,36,93.3,345.53,74.12339676
26.6,36.2,92.7,355.69,74.18817703
26.5,36.7,91.6,376.02,74.30780943
26.1,37.2,90.5,406.5,74.42857122
26.5,37.6,88.5,416.67,74.65105215
27.5,38.2,87.6,416.67,74.75240353
26.7,38.5,85.4,396.34,75.00340581
27.2,38.9,83.8,396.34,75.18887685
27.4,39.3,81.7,416.67,75.43608046
26.7,39.5,77.2,396.34,75.98041627
27.3,39.8,78.7,416.67,75.79673866
26.3,40.1,76.6,416.67,76.05451745
27.4,40.5,73.1,406.5,76.49401431
27.5,40.8,72.2,386.18,76.60904137
27.3,41,70.9,406.5,76.77665869
28.1,41.4,69.4,416.67,76.97223009
27.8,41.8,68.9,416.67,77.03793907
27.5,42.1,66.8,416.67,77.31676554
28,42.4,66.9,416.67,77.30338334
28.1,42.6,63.6,426.83,77.75057058
27.7,42.9,65.1,426.83,77.54587466
27.2,43.2,63.8,426.83,77.72313955
27.4,43.4,62.9,426.83,77.84691526
27.2,43.7,62.2,416.67,77.94378396
27.6,43.8,61.5,426.83,78.04117829
27.1,44.1,60.3,426.83,78.2093676
27.4,44.3,59.5,436.99,78.32235869
27.3,44.4,58.2,416.67,78.50745205
27.5,44.6,58.7,416.67,78.43604453
27.6,44.8,59.9,436.99,78.26577646
28.3,45.1,58.6,436.99,78.45030422
28,45.1,59.1,416.67,78.37911462
27.3,45.2,59.4,436.99,78.33653138
28,45.4,58.4,436.99,78.47885632
28,45.5,58.6,436.99,78.45030422
28.8,45.9,56.6,457.32,78.73779307
29.4,46.2,56.2,436.99,78.79581728
27.8,46.3,56.6,447.15,78.73779307
27.8,46.4,55.7,447.15,78.86859534
28,46.6,55.5,447.15,78.89778378
27.9,46.7,54.7,457.32,79.01497972
27.5,47,54.6,457.32,79.02967903
28.3,47,54.2,436.99,79.08858721
28.7,47.1,53,447.15,79.26637919
28.2,47.3,52,457.32,79.4157668
28.5,47.4,51.5,457.32,79.49088071
29.6,47.7,50.8,457.32,79.59651217
28.5,47.9,49.1,477.64,79.85534755
31.7,48.2,44.1,477.64,80.63572375
29.2,48.4,48.1,477.64,80.00913418
30.1,48.7,48.2,477.64,79.99370431
29.6,48.9,47.6,497.97,80.08645453
28.4,49.1,47.7,497.97,80.07096764
30.4,49.4,46.6,508.13,80.24195229
29.1,49.6,46.4,508.13,80.27318929
28.1,49.9,46.2,518.29,80.30447219
29.3,50.2,45.9,528.46,80.3514827
29.1,50.5,45.8,548.78,80.36717587
29.4,50.7,44.7,548.78,80.54056103
30,51,45.1,548.78,80.47735042
29,51.2,44.9,548.78,80.50893263
29.8,51.5,44.3,569.11,80.60395655
29.9,52.1,45,589.43,80.49313575
30.1,52.3,43.5,558.94,80.73130353
29.3,52.4,44.3,548.78,80.60395655
29,52.5,44.4,569.11,80.58809032
29.1,52.8,43,579.27,80.81127269
29.3,52.9,42.6,538.62,80.87545746
28.7,52.4,42.1,426.83,80.95595073
28,51.5,42,376.02,80.9720844
29.1,50.7,42.2,355.69,80.93982873
28.1,49.8,42,345.53,80.9720844
28.4,49.2,41.1,355.69,81.11781385
28.4,48.9,40.5,376.02,81.21549435
29.7,48.8,41.5,426.83,81.05292814
29.9,49,41.3,477.64,81.08534756
30.2,49.4,41.8,477.64,81.00438681
29.7,49.8,41.8,497.97,81.00438681
29.4,50.2,41.8,538.62,81.00438681
29.5,50.6,41.5,528.46,81.05292814
29.4,50.8,41.9,426.83,80.98822976
30.4,50.6,40.7,416.67,81.18288721
28.5,49.9,41.3,376.02,81.08534756
29.8,50.2,39.7,528.46,81.34639351
29.2,50.7,40.1,558.94,81.28084973
28.5,50.8,39.9,457.32,81.31359805
29.2,50.9,39.3,518.29,81.41212599
29.8,51.5,39.7,660.57,81.34639351
29.4,52.6,39.7,680.89,81.34639351
29.4,53.2,39.1,650.41,81.44506309
31,53.9,40,650.41,81.297218
30.2,54.3,39,569.11,81.46154937
30.7,54.3,39,528.46,81.46154937
29.1,54.1,38.9,579.27,81.47804748
28.7,54,37.8,477.64,81.6603086
30.5,53.7,37.8,558.94,81.6603086
29.6,54.3,38,711.38,81.62706344
29.2,55,37.5,579.27,81.71026547
29.6,54.7,36.3,589.43,81.91116507
29.2,54.7,37.2,548.78,81.76032943
30.2,54.7,36.7,640.24,81.84400766
31,55,35.7,538.62,82.01225993
31.7,54.8,36.1,497.97,81.94481549
30.8,54.5,36.3,528.46,81.91116507
31.5,54.8,36.3,640.24,81.91116507
32.3,55.8,36.6,691.06,81.8607791
31.2,56.1,37.2,609.76,81.76032943
31,56,35.1,528.46,82.11378619
32.8,55.9,36.8,497.97,81.82724816
32.9,55.4,36.8,416.67,81.82724816
32.8,54.6,36,386.18,81.96165864
30.6,54.2,34.8,467.48,82.16471142
30.5,54.6,34.5,680.89,82.21574488
34.3,55.4,34.7,630.08,82.18171054
31,56,35.3,609.76,82.07989611
32,56.3,35.1,630.08,82.11378619
32,57,36,691.06,81.96165864
34,57.8,34.9,691.06,82.14772432
31.8,58.2,34.1,650.41,82.28395808
32.5,58.3,32.2,609.76,82.61061092
31.5,58.3,32.7,619.92,82.52422575
32.1,58.3,33.4,619.92,82.40379565
32.7,58.4,32.2,670.73,82.61061092
33.5,58.9,32.2,660.57,82.61061092
33,58.5,31.9,518.29,82.66258778
31.8,58.3,30.9,640.24,82.83663531
32.7,59,32,711.38,82.64525
32.1,59.6,32.3,721.54,82.59330961
33.5,59.9,30.6,711.38,82.88908747
33.8,60.6,31,701.22,82.81917569
33.1,60.8,32.1,691.06,82.62792438
34,61,31.8,691.06,82.67993772
31.3,61,30.9,731.71,82.83663531
34,61.2,31.1,741.87,82.80172827
33.4,61.7,30.9,731.71,82.83663531
35.3,62,30.1,691.06,82.97675231
32.9,61.9,30.6,609.76,82.88908747
33.1,61.3,30.5,589.43,82.90659597
33.5,61,30.3,579.27,82.94164966
32.1,60.6,30.1,569.11,82.97675231
33.8,60.2,29.4,609.76,83.09999766
34.6,60.6,26.7,660.57,83.58102454
34,60.8,23.4,691.06,84.18124158
34.4,61.1,28.6,660.57,83.2415865
32,61.1,29,650.41,83.17069367
34.7,61.2,28.5,670.73,83.2593405
33.5,61.3,28.7,711.38,83.22384482
33.5,61.9,28.4,721.54,83.27710682
32.2,62.2,28.4,752.03,83.27710682
34.4,62.7,28.1,752.03,83.33047977
32.9,63,28.5,752.03,83.2593405
33,63.5,28.6,741.87,83.2415865
32.5,63.6,28.4,691.06,83.27710682
32,63.3,29,630.08,83.17069367
32.4,62.9,29.3,701.22,83.11765322
34.3,63.1,28.7,731.71,83.22384482
34.1,63.6,28.7,762.2,83.22384482
34.2,64,28.4,782.52,83.27710682
33,64.4,28.7,802.85,83.22384482
33.3,64.9,29,782.52,83.17069367
33.1,64.9,28.5,782.52,83.2593405
34,65,28.3,772.36,83.29488547
34.4,65.3,27.6,721.54,83.41968164
35.3,65,28.2,670.73,83.31267645
33.8,64.4,27.9,579.27,83.36612345
34.8,63.4,27.2,548.78,83.49126571
36.7,62.8,25.6,609.76,83.77958686
35.1,62.6,25.3,650.41,83.83400166
35.2,62.7,25.6,650.41,83.77958686
33.6,62.7,26,680.89,83.70720824
32.9,62.5,24.9,731.71,83.90672942
33.5,62.7,25.8,731.71,83.74337264
33.5,63.4,25.6,813.01,83.77958686
33.3,63.9,25,792.68,83.88852875
33.9,64.2,25.4,782.52,83.81585092
34.5,64.7,25.2,792.68,83.85216487
33.2,65.1,26.3,782.52,83.65305495
36.1,65.5,25.7,792.68,83.76147352
34.2,65.6,25.2,792.68,83.85216487
37.8,65.9,23.7,802.85,84.12611347
33.5,66.1,25.5,792.68,83.79771266
33.4,66.2,25.5,802.85,83.79771266
36.6,66.8,25.6,802.85,83.77958686
35.1,67.2,25.4,802.85,83.81585092
34,67.3,24.8,802.85,83.92494259
35.9,67.4,24.4,813.01,83.9979203
39.6,67.8,25.1,813.01,83.87034057
34.8,67.9,24.9,813.01,83.90672942
35.1,68,24.6,813.01,83.96140643
34.9,68.2,25.4,823.17,83.81585092
33.8,68.5,24.1,802.85,84.05278502
34.3,68.4,24.6,782.52,83.96140643
34.2,67.3,24.6,782.52,83.96140643
35.8,67.7,24.3,823.17,84.01619602
34.3,68.4,23.9,833.33,84.08942416
33.5,68.8,23.8,813.01,84.10776254
35.3,68.7,23.9,802.85,84.08942416
34.5,68.8,23.5,802.85,84.16285298
36,69.1,23.5,802.85,84.16285298
36.2,69.4,23.3,823.17,84.19964275
34.3,69.1,23.8,823.17,84.10776254
33.6,69.1,22.9,823.17,84.27337317
36.4,69.5,23.5,823.17,84.16285298
35.4,69.7,23.9,843.5,84.08942416
34.5,69.7,23.3,843.5,84.19964275
35.2,70,23.1,843.5,84.2364828
33,69.8,23.1,853.66,84.2364828
33.7,69,24.2,304.88,84.03448425
32.6,66.8,24,223.58,84.07109832
33.2,66.6,24.2,162.6,84.03448425
34.4,63.6,23.3,81.3,84.19964275
38,61.4,24.7,711.38,83.94316825
34.4,62.9,24.9,853.66,83.90672942
34.4,64.1,24.4,833.33,83.9979203
34.6,65.4,25.5,833.33,83.79771266
36.3,66.3,24.3,843.5,84.01619602
34.6,67.1,24,853.66,84.07109832
36.1,67.8,23.6,863.82,84.14447695
34.5,68.7,23.6,345.53,84.14447695
34.7,68.8,23.1,884.15,84.2364828
36.5,69.2,23.4,863.82,84.18124158
36.5,69.6,23.3,863.82,84.19964275
34.9,69.4,22.7,304.88,84.3103139
36.3,69.3,23.2,843.5,84.21805648
35.6,69.5,23.3,843.5,84.19964275
36.3,70.1,22.8,843.5,84.29183724
34.9,69.9,22.8,843.5,84.29183724
35.5,70.4,22.2,863.82,84.40288631
36.5,70.7,22.8,873.98,84.29183724
34.1,69.4,23.3,345.53,84.19964275
35.8,68.9,23.6,894.31,84.14447695
35.6,70,23.7,914.63,84.12611347
35.1,70.4,23.1,934.96,84.2364828
38.1,70.8,23.3,538.62,84.19964275
34.2,68.7,22.5,660.57,84.34730503
36.1,67.5,23,955.28,84.25492169
34.8,66.6,23.3,955.28,84.19964275
34.2,66.5,23.4,203.25,84.18124158
36.5,64,22.5,467.48,84.34730503
34.7,64.3,23.3,436.99,84.19964275
34.6,62.5,23.1,223.58,84.2364828
32.5,60.2,23.3,203.25,84.19964275
33.5,57.8,22.9,172.76,84.27337317
35.1,56.4,21.9,162.6,84.45858119
33.7,55,23,162.6,84.25492169
35.7,53.7,23.1,172.76,84.2364828
37.2,52.7,23.7,182.93,84.12611347
38,51.9,24.5,203.25,83.97965711
33.7,53.7,24.6,945.12,83.96140643
33.9,56.9,23.9,955.28,84.08942416
35.1,59.8,24,924.8,84.07109832
36.3,62,24.5,924.8,83.97965711
34.7,63.5,24.9,924.8,83.90672942
33.5,63.1,24.1,630.08,84.05278502
37,63.9,24.6,904.47,83.96140643
35.8,65.2,24.9,884.15,83.90672942
36.7,66.2,26.4,894.31,83.63502871
37.3,67.3,25.2,904.47,83.85216487
34.9,68.1,25.3,904.47,83.83400166
35.8,68.6,24.7,894.31,83.94316825
37.6,69.1,24,894.31,84.07109832
34.6,69.7,25.1,884.15,83.87034057
35.7,70,23.8,884.15,84.10776254
35.1,70,23.3,843.5,84.19964275
37.6,72.6,23.4,985.77,84.18124158
34.7,72.8,24.1,223.58,84.05278502
33.7,69.1,22.9,203.25,84.27337317
33.6,65.9,23.9,233.74,84.08942416
36.6,64.3,23.4,731.71,84.18124158
35.3,65.9,22.8,985.77,84.29183724
34.9,67.7,23.2,965.45,84.21805648
35.6,71.5,22.5,945.12,84.34730503
35.9,72.4,23.9,914.63,84.08942416
35.1,72.7,23.5,924.8,84.16285298
35.4,73,22.8,934.96,84.29183724
37.7,73.2,22.7,711.38,84.3103139
34.9,71,23.2,284.55,84.21805648
33.1,69,22.8,233.74,84.29183724
33.5,66,22.7,243.9,84.3103139
33.2,63.6,23.9,609.76,84.08942416
33.8,64.5,23,315.04,84.25492169
34.1,63.7,22.5,294.72,84.34730503
33.3,61.7,22.9,294.72,84.27337317
33.1,59.9,23,243.9,84.25492169
32.7,58.4,23,243.9,84.25492169
32.8,57,22.8,223.58,84.29183724
33.6,56.3,23.4,813.01,84.18124158
34.4,58.4,23.9,823.17,84.08942416
33.3,58.8,24.2,193.09,84.03448425
33.3,56.9,23.4,203.25,84.18124158
32.4,55.6,23.4,243.9,84.18124158
32.6,54.7,23.4,294.72,84.18124158
34,55.9,22.8,802.85,84.29183724
32.9,57.4,22.9,243.9,84.27337317
32.1,55.9,23.2,243.9,84.21805648
32.7,55.3,22.7,355.69,84.3103139
33.1,55.7,23.6,386.18,84.14447695
32.8,55.7,23.4,376.02,84.18124158
32.8,55,23.8,284.55,84.10776254
34,55.7,23.7,843.5,84.12611347
34.3,57.6,23.9,863.82,84.08942416
35.1,59.6,24.3,813.01,84.01619602
35.1,61,24.5,833.33,83.97965711
35.1,62.1,23.6,833.33,84.14447695
36,63.3,23.5,853.66,84.16285298
36.7,64.3,23.4,294.72,84.18124158
35.7,63,23.9,843.5,84.08942416
33.8,62.6,24,223.58,84.07109832
34.7,60.2,24.1,335.37,84.05278502
34.7,60.3,24.2,243.9,84.03448425
33.7,58.9,24.2,426.83,84.03448425
34.3,60.3,24.4,884.15,83.9979203
35.4,62.3,23.7,924.8,84.12611347
34.6,61.4,24,274.39,84.07109832
34,59.2,23.6,243.9,84.14447695
32.5,57.2,23.8,233.74,84.10776254
34.3,56.5,24.1,294.72,84.05278502
33.7,55.8,23.9,233.74,84.08942416
33.5,54.6,23.6,345.53,84.14447695
33.4,53.7,23.9,233.74,84.08942416
33.7,53,24.2,345.53,84.03448425
34,52.9,23.9,823.17,84.08942416
34.7,55.5,24.4,823.17,83.9979203
34.1,57.7,23.8,823.17,84.10776254
36,59.5,23.6,813.01,84.14447695
35.8,61,25.5,823.17,83.79771266
34.2,62,24.4,823.17,83.9979203
34.6,62.8,23.9,843.5,84.08942416
34.9,63.6,23.5,833.33,84.16285298
35.1,64.2,23,823.17,84.25492169
36,64.9,23.1,802.85,84.2364828
35.1,65.2,23.8,782.52,84.10776254
34.9,65.4,22.8,752.03,84.29183724
35.1,65.5,22.5,772.36,84.34730503
36.3,65.8,22.6,823.17,84.32880316
38,66.2,22.9,782.52,84.27337317
38.8,66.7,22.8,711.38,84.29183724
38.7,67.1,23.4,833.33,84.18124158
38.6,68,22.5,843.5,84.34730503
38.5,68.7,22.2,873.98,84.40288631
39.6,69.3,20.8,843.5,84.66376984
36.6,69.5,21.1,843.5,84.60765729
35.7,69.7,21.5,813.01,84.53301799
38,69.7,21.7,792.68,84.4957743
35.6,69.8,21.8,802.85,84.47717142
35.9,69.8,21.2,701.22,84.58897846
35.4,68.8,20.9,691.06,84.64505297
35.3,68.2,20.8,609.76,84.66376984
35.1,66.7,20.5,731.71,84.7199966
34.6,65.2,20.5,233.74,84.7199966
34.6,62.9,20.5,182.93,84.7199966
33.7,60.4,20.7,172.76,84.6824994
33.7,58,20.7,162.6,84.6824994
33.7,56.1,21.2,162.6,84.58897846
33.4,54.6,21.3,162.6,84.57031231
33.4,53.6,20.6,172.76,84.70124165
33.4,52.5,20.3,182.93,84.75754461
33.1,51.8,21.4,182.93,84.55165882
33.1,50.9,21.4,182.93,84.55165882
33.1,50.1,22.7,193.09,84.3103139
33.1,49.5,22.3,213.41,84.3843466
33.4,49.2,22.4,315.04,84.36581951
33.2,49.3,22.7,203.25,84.3103139
33.5,48.8,23.1,193.09,84.2364828
33.1,48.2,23.6,193.09,84.14447695
33,47.9,23.1,193.09,84.2364828
32.9,47.4,23.5,203.25,84.16285298
33.3,47.1,23.5,203.25,84.16285298
33.2,46.9,23.8,223.58,84.10776254
34.2,46.9,24.4,233.74,83.9979203
34.1,47.3,25.3,650.41,83.83400166
34.4,48.9,25.1,640.24,83.87034057
33.9,49.9,26.3,487.8,83.65305495
34.4,50.5,25.4,426.83,83.81585092
34.6,51.3,25.7,670.73,83.76147352
34.7,52.9,25.9,711.38,83.72528422
34.7,54.2,25.5,396.34,83.79771266
34,54.9,25.9,558.94,83.72528422
35,55.5,26.2,691.06,83.67109361
34.3,55.2,26.5,284.55,83.6170149
33.3,54,25.5,284.55,83.79771266
33.9,52.7,26.3,243.9,83.65305495
34.5,51.9,25.9,254.07,83.72528422
34.3,51,26.9,213.41,83.54508381
34,50.7,26.9,254.07,83.54508381
33.1,50.2,27,193.09,83.52713205
33,49.6,26.4,193.09,83.63502871
32.9,48.8,26.5,193.09,83.6170149
32.9,48.3,26.7,182.93,83.58102454
32.4,47.8,26.7,182.93,83.58102454
32.8,47.2,27.1,172.76,83.50919269
32.7,46.5,27.1,182.93,83.50919269
32.6,46.1,27.5,172.76,83.43755909
32.4,45.6,27.3,162.6,83.47335113
32.4,45.1,28.2,162.6,83.31267645
32.4,44.7,28.8,162.6,83.20611546
32.5,44.4,28.9,162.6,83.18839841
33.1,44.1,29.3,416.67,83.11765322
33.5,45.3,29.8,457.32,83.02949815
33.3,46.7,30.3,436.99,82.94164966
33.3,47.3,29.4,243.9,83.09999766
33.7,47.9,29.7,589.43,83.04710462
34.2,49.5,29.6,569.11,83.06472336
34,50.8,29.9,609.76,83.01190395
34.7,51.7,29.8,518.29,83.02949815
34.4,52.2,30.3,436.99,82.94164966
34.1,51.4,30.2,243.9,82.95919486
33.1,50.1,30,203.25,82.994322
32.9,48.9,29.1,182.93,83.15300123
32.6,48.2,29.9,294.72,83.01190395
33.2,48.3,29.4,274.39,83.09999766
32.5,47.9,29.4,193.09,83.09999766
33.5,47.4,29.3,203.25,83.11765322
33,46.9,29.2,243.9,83.13532108
34,47.4,30,436.99,82.994322
33.5,48.5,30,497.97,82.994322
34.1,49.4,29.8,223.58,83.02949815
33.8,48.8,29.7,294.72,83.04710462
33.8,48.5,29.4,203.25,83.09999766
33.2,47.9,29.5,182.93,83.08235437
32.8,47,30.4,162.6,82.9241167
32.5,46.4,29.6,152.44,83.06472336
32.7,45.6,29.9,162.6,83.01190395
32.8,45.3,29.7,172.76,83.04710462
32.8,45.1,30.3,182.93,82.94164966
32.6,44.8,29.9,315.04,83.01190395
32.4,45.3,30.4,182.93,82.9241167
32.6,44.9,31.2,172.76,82.78429305
32.3,44.6,31.2,162.6,82.78429305
32,44.2,30.7,162.6,82.8715912
32.3,43.9,31,162.6,82.81917569
32.6,43.5,30.8,152.44,82.85410715
32.3,43.3,30.9,162.6,82.83663531
32.2,43,30.2,162.6,82.95919486
32.4,42.9,30,162.6,82.994322
32.2,42.6,30.1,142.28,82.97675231
32,42.4,30.5,132.11,82.90659597
32.2,42,30,121.95,82.994322
32,41.8,31.5,121.95,82.73206056
31.9,41.5,32.4,121.95,82.57602044
31.8,41.2,32.2,111.79,82.61061092
32,40.8,33.3,101.63,82.42096363
32,40.5,33.4,81.3,82.40379565
31.6,40.1,33,71.14,82.47254019
31.8,39.6,33.5,60.98,82.38663976
31.5,38.9,33.5,50.81,82.38663976
31.8,38.7,33.9,40.65,82.31813702
31.4,38.1,35.6,30.49,82.02915099
31.3,37.8,36.6,20.33,81.8607791
31.5,37.5,37.2,20.33,81.76032943
31.3,37.1,38.6,20.33,81.52761281
31,36.7,37.9,20.33,81.64368008
31.1,36.4,37.8,10.16,81.6603086
31,36.1,38.3,0,81.57728475
31,35.7,38.8,0,81.49455742
31,35.4,38.6,0,81.52761281
31,35.1,37.8,0,81.6603086
24.5,29.9,101.8,142.28,63.66492
24.6,30.1,99.5,142.28,63.60729
24.5,30.2,101.6,142.28,63.54974
24.4,30.4,102,142.28,63.49227
24.7,30.5,102.1,152.44,63.43488
24.5,30.7,102,162.6,63.37757
24.8,30.9,99.1,172.76,63.32034
24.5,31.2,99.9,172.76,63.26319
24.9,31.5,101,182.93,63.20612
24.7,31.6,100.3,182.93,63.14913
24.8,31.9,99.3,182.93,63.09222
24.9,32.1,97.5,182.93,63.03539
24.6,32.3,95.7,203.25,62.97864
25,32.6,95,203.25,62.92197
24.9,33,93.3,213.41,62.86538
24.9,33.2,92.7,213.41,62.80887
24.9,33.5,91.6,223.58,62.75244
25.1,33.7,90.5,223.58,62.69609
25.6,34,88.5,223.58,62.63982
25.6,34.2,87.6,223.58,62.58363
25.3,34.5,85.4,223.58,62.52752
25.3,34.6,83.8,223.58,62.47149
25.7,34.9,81.7,223.58,62.41554
25.7,35.1,77.2,233.74,62.35967
27,35.3,78.7,223.58,62.30388
26.4,35.6,76.6,233.74,62.24817
26,35.7,73.1,223.58,62.19254
25.9,35.9,72.2,243.9,62.13699
26.3,36.2,70.9,254.07,62.08152
26.3,36.5,69.4,264.23,62.02613
27.8,36.8,68.9,284.55,61.97082
27.3,37.2,66.8,274.39,61.91559
26.1,37.6,66.9,294.72,61.86044
27.1,37.8,63.6,294.72,61.80537
26.6,38,65.1,294.72,61.75038
26.5,38.3,63.8,315.04,61.69547
26.4,38.6,62.9,315.04,61.64064
26.7,38.9,62.2,315.04,61.58589
27.1,39.3,61.5,304.88,61.53122
26.9,39.6,60.3,335.37,61.47663
26.5,39.9,59.5,345.53,61.42212
27.3,40.3,58.2,345.53,61.36769
28,40.6,58.7,345.53,61.31334
27.5,40.9,59.9,345.53,61.25907
26.7,41.1,58.6,345.53,61.20488
28,41.3,59.1,355.69,61.15077
26.9,41.6,59.4,365.85,61.09674
27.2,41.8,58.4,376.02,61.04279
26.9,42.1,58.6,376.02,60.98892
28.9,42.5,56.6,396.34,60.93513
27.7,42.7,56.2,386.18,60.88142
28.5,42.9,56.6,376.02,60.82779
28.4,43.2,55.7,376.02,60.77424
28.4,43.5,55.5,396.34,60.72077
27.8,43.7,54.7,386.18,60.66738
28.2,43.8,54.6,376.02,60.61407
28.3,44,54.2,376.02,60.56084
29.3,44.1,53,386.18,60.50769
28.3,44.2,52,386.18,60.45462
28,44.2,51.5,376.02,60.40163
28,44.3,50.8,386.18,60.34872
27.3,44.4,49.1,406.5,60.29589
27.5,44.6,44.1,416.67,60.24314
28.5,44.9,48.1,416.67,60.19047
27.7,45.2,48.2,436.99,60.13788
28.3,45.4,47.6,426.83,60.08537
28.4,45.8,47.7,416.67,60.03294
28.1,45.8,46.6,416.67,59.98059
27.3,45.9,46.4,426.83,59.92832
27.8,46.3,46.2,457.32,59.87613
27.7,46.6,45.9,477.64,59.82402
27.5,46.8,45.8,457.32,59.77199
27.9,46.8,44.7,396.34,59.72004
28,46.7,45.1,376.02,59.66817
28.1,46.7,44.9,416.67,59.61638
29.1,46.9,44.3,426.83,59.56467
28.8,47.1,45,426.83,59.51304
28.6,47.2,43.5,426.83,59.46149
28.6,47.4,44.3,436.99,59.41002
28.7,47.6,44.4,436.99,59.35863
28.9,47.9,43,436.99,59.30732
30.3,48.1,42.6,467.48,59.25609
29.4,48.3,42.1,467.48,59.20494
29.3,48.7,42,457.32,59.15387
28.7,48.9,42.2,477.64,59.10288
29.6,49,42,497.97,59.05197
29.4,49.4,41.1,497.97,59.00114
29.8,49.7,40.5,497.97,58.95039
29.4,50,41.5,497.97,58.89972
29.4,50.1,41.3,497.97,58.84913
30.9,50.4,41.8,497.97,58.79862
30.2,50.6,41.8,477.64,58.74819
30.3,50.5,41.8,436.99,58.69784
29.2,50.6,41.5,457.32,58.64757
29.6,50.6,41.9,518.29,58.59738
30.8,50.8,40.7,497.97,58.54727
30.7,51,41.3,426.83,58.49724
30.2,50.5,39.7,335.37,58.44729
29.4,49.5,40.1,294.72,58.39742
29.5,48.7,39.9,304.88,58.34763
30.4,48.2,39.3,335.37,58.29792
28.8,48,39.7,396.34,58.24829
30.3,47.8,39.7,376.02,58.19874
29.1,47.9,39.1,396.34,58.14927
29.3,48.1,40,457.32,58.09988
29.3,48.4,39,497.97,58.05057
30.2,48.9,39,457.32,58.00134
30.3,49.2,38.9,467.48,57.95219
31.2,49.4,37.8,457.32,57.90312
31.4,49.7,37.8,467.48,57.85413
31,50,38,436.99,57.80522
29.8,50.1,37.5,457.32,57.75639
29.6,50,36.3,436.99,57.70764
29.6,49.9,37.2,457.32,57.65897
30.3,50.2,36.7,487.8,57.61038
29.3,50.5,35.7,497.97,57.56187
29.9,50.7,36.1,518.29,57.51344
29.7,51,36.3,508.13,57.46509
30.3,51.1,36.3,508.13,57.41682
30.3,51.2,36.6,508.13,57.36863
29.5,51.5,37.2,508.13,57.32052
30,51.5,35.1,508.13,57.27249
30.1,51.7,36.8,508.13,57.22454
30,51.7,36.8,518.29,57.17667
29.7,51.7,36,508.13,57.12888
30,51.8,34.8,508.13,57.08117
29.5,51.8,34.5,477.64,57.03354
30.2,52,34.7,497.97,56.98599
30.5,51.9,35.3,467.48,56.93852
30.3,51.8,35.1,487.8,56.89113
30.8,52,36,487.8,56.84382
31.1,52,34.9,467.48,56.79659
31.3,52.1,34.1,457.32,56.74944
32.1,52.1,32.2,457.32,56.70237
31.4,52.2,32.7,457.32,56.65538
29.8,51.8,33.4,436.99,56.60847
30.6,51.6,32.2,436.99,56.56164
30.6,51.5,32.2,457.32,56.51489
30.3,51.3,31.9,467.48,56.46822
30.1,51.3,30.9,457.32,56.42163
30.2,51.2,32,467.48,56.37512
31.1,51.4,32.3,457.32,56.32869
30.7,51.4,30.6,467.48,56.28234
35.3,51.7,31,467.48,56.23607
30.5,52,32.1,477.64,56.18988
29.7,51.8,31.8,477.64,56.14377
30.1,51.8,30.9,477.64,56.09774
29.9,51.5,31.1,477.64,56.05179
30.1,51.5,30.9,447.15,56.00592
29.9,51.4,30.1,457.32,55.96013
30.2,51.3,30.6,436.99,55.91442
30.1,51.1,30.5,436.99,55.86879
29.8,51,30.3,467.48,55.82324
30.3,51.1,30.1,497.97,55.77777
29.9,51.4,29.4,518.29,55.73238
29.6,51.5,26.7,518.29,55.68707
30.4,51.7,23.4,497.97,55.64184
29.9,51.8,28.6,538.62,55.59669
32.4,52,29,528.46,55.55162
31.2,52.3,28.5,508.13,55.50663
31.2,52.5,28.7,508.13,55.46172
30.6,52.5,28.4,497.97,55.41689
30.1,52.5,28.4,477.64,55.37214
30.5,52.3,28.1,467.48,55.32747
29.7,52.1,28.5,477.64,55.28288
30.9,52.2,28.6,497.97,55.23837
30.1,52.2,28.4,497.97,55.19394
30,52.3,29,518.29,55.14959
30.3,52.4,29.3,508.13,55.10532
30,52.4,28.7,518.29,55.06113
30.4,52.5,28.7,497.97,55.01702
29.6,52,28.4,416.67,54.97299
29.9,51.8,28.7,355.69,54.92904
29.7,51.6,29,477.64,54.88517
30.1,51.8,28.5,528.46,54.84138
31.3,52.3,28.3,548.78,54.79767
30.8,52.7,27.6,599.59,54.75404
30.5,53.3,28.2,630.08,54.71049
30.2,53.9,27.9,650.41,54.66702
30.8,54.7,27.2,691.06,54.62363
31.8,55.6,25.6,711.38,54.58032
31.2,56.3,25.3,721.54,54.53709
30.9,57,25.6,731.71,54.49394
30.6,57.6,26,731.71,54.45087
30.8,58.2,24.9,752.03,54.40788
31.6,58.9,25.8,762.2,54.36497
31.3,59.2,25.6,762.2,54.32214
31.4,59.4,25,752.03,54.27939
30.9,59.8,25.4,731.71,54.23672
31.4,59.9,25.2,731.71,54.19413
31.4,60.3,26.3,752.03,54.15162
30.9,60.4,25.7,752.03,54.10919
31.6,60.7,25.2,731.71,54.06684
30.6,60.6,23.7,701.22,54.02457
30.6,60.4,25.5,691.06,53.98238
32,60.4,25.5,660.57,53.94027
33.8,60.7,25.6,609.76,53.89824
34.3,60.8,25.4,691.06,53.85629
31.6,61,24.8,691.06,53.81442
31,60.9,24.4,691.06,53.77263
31.3,61,25.1,731.71,53.73092
31.8,61,24.9,731.71,53.68929
31.5,61.2,24.6,752.03,53.64774
34.3,61.5,25.4,701.22,53.60627
31.6,61.5,24.1,721.54,53.56488
33.7,61.7,24.6,731.71,53.52357
32.4,61.9,24.6,680.89,53.48234
31.6,61.5,24.3,396.34,53.44119
32.5,60.8,23.9,670.73,53.40012
31.7,61,23.8,691.06,53.35913
31.6,61,23.9,670.73,53.31822
31.2,61,23.5,670.73,53.27739
31.3,60.7,23.5,701.22,53.23664
31.6,60.8,23.3,731.71,53.19597
32.6,61.3,23.8,741.87,53.15538
32.9,61.7,22.9,711.38,53.11487
32.7,61.7,23.5,691.06,53.07444
32.2,61.4,23.9,355.69,53.03409
32.4,59.8,23.3,528.46,52.99382
31.3,59.3,23.1,304.88,52.95363
30.8,57.6,23.1,630.08,52.91352
30.9,57.8,24.2,680.89,52.87349
31.6,58.5,24,741.87,52.83354
31.3,59.2,24.2,731.71,52.79367
32.4,59.6,23.3,711.38,52.75388
32.2,60.2,24.7,802.85,52.71417
34,61.2,24.9,833.33,52.67454
33.3,61.9,24.4,833.33,52.63499
33.2,62.4,25.5,802.85,52.59552
31.6,62.6,24.3,782.52,52.55613
32,62.8,24,802.85,52.51682
31.6,63.1,23.6,782.52,52.47759
32.6,63,23.9,752.03,52.43844
32.8,63,23.6,701.22,52.39937
32.3,62.9,23.1,721.54,52.36038
32.7,62.8,23.4,691.06,52.32147
32,62.3,23.3,274.39,52.28264
31.7,59.6,22.7,233.74,52.24389
30.8,57.1,23.2,233.74,52.20522
30.8,55.3,23.3,264.23,52.16663
30.5,53.7,22.8,243.9,52.12812
30.3,52.3,22.8,243.9,52.08969
30.4,51.4,22.2,223.58,52.05134
30.3,50.2,22.8,213.41,52.01307
30.4,49.2,23.4,203.25,51.97488
30.2,48.2,23.3,193.09,51.93677
30.8,47.4,23.6,203.25,51.89874
30,46.8,23.7,203.25,51.86079
31.5,46.3,23.1,203.25,51.82292
30.1,45.9,23.3,213.41,51.78513
30.6,45.5,22.5,223.58,51.74742
30.3,45.2,23,243.9,51.70979
32.8,45.2,23.3,284.55,51.67224
30.9,46.2,23.4,569.11,51.63477
32.1,48.3,22.5,650.41,51.59738
31.4,49.8,23.3,630.08,51.56007
30.7,51,23.1,528.46,51.52284
31.2,51.4,23.3,558.94,51.48569
32.8,51.5,22.9,335.37,51.44862
32,51.1,21.9,396.34,51.41163
31.3,50.9,23,436.99,51.37472
31.6,51.5,23.1,640.24,51.33789
32,52.7,23.7,630.08,51.30114
31.3,52.8,24.5,477.64,51.26447
31.6,53,24.6,691.06,51.22788
31.5,53.9,23.9,548.78,51.19137
31.3,53,24,254.07,51.15494
30.7,51.5,24.5,223.58,51.11859
30.8,50.2,24.9,213.41,51.08232
30.5,48.9,24.1,203.25,51.04613
30.7,47.9,24.6,203.25,51.01002
30.5,47,24.9,213.41,50.97399
30.5,46.5,26.4,213.41,50.93804
30.8,46.1,25.2,396.34,50.90217
30.6,46.3,25.3,223.58,50.86638
30.6,45.8,24.7,233.74,50.83067
30.3,45.5,24,264.23,50.79504
30.8,45.5,25.1,325.2,50.75949
31.1,46,23.8,416.67,50.72402
31.2,46.7,23.3,548.78,50.68863
32.1,48,23.3,589.43,50.65332
32,49.3,23.1,680.89,50.61809
31.7,50.1,23.7,325.2,50.58294
31.6,49.4,23.5,315.04,50.54787
30.9,48.9,23.4,335.37,50.51288
31,48.6,24.1,355.69,50.47797
31,48.6,22.9,406.5,50.44314
31.3,49.2,23.9,619.92,50.40839
31.8,50.8,23.4,630.08,50.37372
31.5,51.8,22.8,711.38,50.33913
31.8,52.5,23.2,691.06,50.30462
33.1,53.5,23.2,670.73,50.27019
32,54.1,23,670.73,50.23584
33.1,55.1,23.1,731.71,50.20157
31.7,56.2,22.5,711.38,50.16738
32.1,56.2,23.9,304.88,50.13327
32,55.1,23.5,782.52,50.09924
32.3,55.9,23.4,782.52,50.06529
32.2,57.1,22.8,752.03,50.03142
32.5,57.8,22.7,701.22,49.99763
32.4,58.5,23.2,731.71,49.96392
32.6,59,22.8,792.68,49.93029
32.1,59.8,22.7,802.85,49.89674
32.2,60.2,23.9,813.01,49.86327
32.4,61,23,813.01,49.82988
31.9,61.2,22.5,752.03,49.79657
34.7,61.7,22.9,721.54,49.76334
32.4,60.5,23,426.83,49.73019
32.2,58.5,23,274.39,49.69712
33.1,56.4,22.8,243.9,49.66413
32,54.5,23.4,213.41,49.63122
31,52.8,23.9,223.58,49.59839
31.4,51.5,24.2,223.58,49.56564
31.8,50.5,23.4,172.76,49.53297
30.9,49.2,23.4,162.6,49.50038
30.4,48,23.4,172.76,49.46787
30.2,46.9,22.8,182.93,49.43544
30.6,46.2,22.9,182.93,49.40309
30.4,45.7,23.2,182.93,49.37082
30.6,45.1,22.7,203.25,49.33863
30.8,44.8,23.6,213.41,49.30652
31.2,44.5,23.4,223.58,49.27449
30.5,44.3,23.8,223.58,49.24254
31.3,44.1,23.7,223.58,49.21067
30.9,43.8,23.9,213.41,49.17888
30.5,43.6,24.3,213.41,49.14717
30.7,43.4,24.5,213.41,49.11554
30.8,43.1,23.6,223.58,49.08399
30.3,42.9,23.5,223.58,49.05252
30.4,42.8,23.4,233.74,49.02113
30.6,42.8,23.9,243.9,48.98982
30.6,42.8,24,243.9,48.95859
30.8,42.7,24.1,243.9,48.92744
30.9,42.7,24.2,254.07,48.89637
31,42.7,24.2,264.23,48.86538
30.7,42.8,24.4,284.55,48.83447
30.6,43,23.7,335.37,48.80364
30.9,43.5,24,345.53,48.77289
31.2,44,23.6,396.34,48.74222
31.5,45,23.8,497.97,48.71163
31.5,46,24.1,528.46,48.68112
31.5,47.2,23.9,579.27,48.65069
31.6,48.5,23.6,599.59,48.62034
32,49.7,23.9,640.24,48.59007
31.9,50.8,24.2,640.24,48.55988
32.4,51.8,23.9,487.8,48.52977
32.9,51.9,24.4,579.27,48.49974
32.6,52,23.8,477.64,48.46979
31.8,51.2,23.6,284.55,48.43992
31.8,50.1,25.5,284.55,48.41013
31,49.2,24.4,284.55,48.38042
31.4,48.6,23.9,528.46,48.35079
32,49.9,23.5,630.08,48.32124
33.2,51.3,23,630.08,48.29177
32,52.3,23.1,630.08,48.26238
33.2,53.3,23.8,630.08,48.23307
32,53.9,22.8,609.76,48.20384
35,54.4,22.5,619.92,48.17469
33.2,55,22.6,630.08,48.14562
32.2,55.2,22.9,640.24,48.11663
33.8,55.7,22.8,599.59,48.08772
32.7,55.8,23.4,548.78,48.05889
32.8,55.6,22.5,467.48,48.03014
32.3,54.5,22.2,315.04,48.00147
31.3,53.3,20.8,386.18,47.97288
32.2,53.1,21.1,477.64,47.94437
32.1,53.2,21.5,487.8,47.91594
31.3,52.9,21.7,315.04,47.88759
31.5,52.5,21.8,315.04,47.85932
31.8,51.9,21.2,548.78,47.83113
32.3,52.6,20.9,579.27,47.80302
31.8,52.4,20.8,304.88,47.77499
31.4,51.6,20.5,396.34,47.74704
31.6,52.1,20.5,630.08,47.71917
31.9,52.7,20.5,508.13,47.69138
31.6,52.8,20.7,599.59,47.66367
31.7,53.4,20.7,569.11,47.63604
32.2,53.8,21.2,569.11,47.60849
32,54,21.3,589.43,47.58102
32.6,54.3,20.6,569.11,47.55363
32.2,54.4,20.3,558.94,47.52632
32.3,54.4,21.4,528.46,47.49909
31.7,54.1,21.4,467.48,47.47194
31.3,53.5,22.7,447.15,47.44487
31.7,53.2,22.3,274.39,47.41788
31.5,51.9,22.4,254.07,47.39097
31.2,50.7,22.7,254.07,47.36414
31.3,49.9,23.1,355.69,47.33739
32,49.8,23.6,447.15,47.31072
32.7,50.4,23.1,467.48,47.28413
31.5,50.6,23.5,487.8,47.25762
32.3,50.9,23.5,487.8,47.23119
31.5,51.4,23.8,508.13,47.20484
31.8,51.5,24.4,528.46,47.17857
32,52,25.3,528.46,47.15238
32.3,52.5,25.1,558.94,47.12627
33,52.8,26.3,508.13,47.10024
31.7,52.7,25.4,477.64,47.07429
31.5,52.5,25.7,426.83,47.04842
31.6,52,25.9,416.67,47.02263
31.6,51.5,25.5,406.5,46.99692
31.5,51.4,25.9,376.02,46.97129
31.1,50.8,26.2,335.37,46.94574
32.5,50.8,26.5,467.48,46.92027
31.7,50.9,25.5,376.02,46.89488
31.8,51,26.3,548.78,46.86957
33,51.6,25.9,548.78,46.84434
33.2,52.3,26.9,548.78,46.81919
32.4,52.6,26.9,538.62,46.79412
32.4,52.7,27,508.13,46.76913
32.6,52.9,26.4,518.29,46.74422
31.9,52.8,26.5,528.46,46.71939
32.3,52.9,26.7,528.46,46.69464
32,53.2,26.7,518.29,46.66997
32.5,53.3,27.1,528.46,46.64538
32.6,53.3,27.1,528.46,46.62087
33.3,53.3,27.5,518.29,46.59644
32.8,53.4,27.3,477.64,46.57209
32.4,53.3,28.2,477.64,46.54782
32,53,28.8,487.8,46.52363
32.7,52.9,28.9,467.48,46.49952
32.5,52.8,29.3,467.48,46.47549
31.8,52.7,29.8,487.8,46.45154
32.5,52.5,30.3,447.15,46.42767
33,52.3,29.4,467.48,46.40388
31.9,52.4,29.7,477.64,46.38017
31.8,52.4,29.6,497.97,46.35654
32.8,52.5,29.9,508.13,46.33299
32.8,52.7,29.8,538.62,46.30952
32.4,53,30.3,548.78,46.28613
32,53.2,30.2,538.62,46.26282
32.2,53.2,30,477.64,46.23959
32.8,53.1,29.1,497.97,46.21644
32.3,53,29.9,487.8,46.19337
32.9,53,29.4,447.15,46.17038
33,52.4,29.4,406.5,46.14747
33.2,52.1,29.3,436.99,46.12464
32.6,52.1,29.2,416.67,46.10189
33.1,51.9,30,396.34,46.07922
32.6,51.7,30,416.67,46.05663
33.2,51.3,29.8,355.69,46.03412
33,50.7,29.7,294.72,46.01169
32.3,49.9,29.4,274.39,45.98934
32,49.1,29.5,274.39,45.96707
32.1,48.4,30.4,254.07,45.94488
31.7,47.8,29.6,243.9,45.92277
32.2,47.2,29.9,233.74,45.90074
31.3,46.5,29.7,223.58,45.87879
31.8,46,30.3,213.41,45.85692
31,45.5,29.9,223.58,45.83513
31.3,45.1,30.4,203.25,45.81342
31,44.7,31.2,193.09,45.79179
31.4,44.3,31.2,182.93,45.77024
31.3,43.8,30.7,193.09,45.74877
31.3,43.4,31,203.25,45.72738
31.1,43.2,30.8,213.41,45.70607
30.6,42.9,30.9,223.58,45.68484
31,42.7,30.2,213.41,45.66369
31.1,42.6,30,243.9,45.64262
31.4,42.7,30.1,243.9,45.62163
30.6,42.5,30.5,233.74,45.60072
30.2,42.4,30,254.07,45.57989
31,42.5,31.5,254.07,45.55914
30,42.5,32.4,264.23,45.53847
29.6,42.4,32.2,254.07,45.51788
29.9,42.4,33.3,264.23,45.49737
30,42.4,33.4,274.39,45.47694
31,42.3,33,254.07,45.45659
29.9,42.3,33.5,243.9,45.43632
29.6,42.1,33.5,233.74,45.41613
29.2,41.9,33.9,223.58,45.39602
29.3,41.8,35.6,223.58,45.37599
29.9,41.6,36.6,223.58,45.35604
29.4,41.5,37.2,213.41,45.33617
29.4,41.2,38.6,203.25,45.31638
29,41,37.9,203.25,45.29667
28.6,40.7,37.8,193.09,45.27704
29.3,40.5,38.3,182.93,45.25749
28.8,40.3,38.8,182.93,45.23802
28.2,39.9,38.6,172.76,45.21863
29,39.7,37.8,162.6,45.19932
24.3,32.8,101.8,233.74,47.32276
24.3,33,99.5,243.9,47.286192
24.2,33.2,101.6,233.74,47.304468
24.5,33.3,102,233.74,47.2724955
24.8,33.5,102.1,223.58,47.2360155
25.1,33.6,102,243.9,47.267932
25.3,33.9,99.1,243.9,47.2542475
25.4,34.2,99.9,254.07,47.2451295
25.3,34.5,101,264.23,47.2451295
24.9,34.7,100.3,274.39,47.249688
25,34.9,99.3,284.55,47.267932
25.1,35.3,97.5,294.72,47.222352
25,35.6,95.7,284.55,47.2633695
25.6,35.8,95,294.72,47.2451295
25.3,36,93.3,284.55,47.2542475
26,36.1,92.7,264.23,47.167788
26.4,36.3,91.6,264.23,47.2086975
26.8,36.4,90.5,243.9,47.2360155
26.1,36.5,88.5,243.9,47.2451295
26.6,36.6,87.6,254.07,47.23146
26,36.8,85.4,274.39,47.1905055
25.5,36.9,83.8,254.07,47.167788
26.6,37,81.7,243.9,47.167788
26.4,37.2,77.2,274.39,47.158708
26.2,37.3,78.7,254.07,47.2269055
25.9,37.3,76.6,243.9,47.1723295
25.6,37.4,73.1,254.07,47.1450955
26.1,37.5,72.2,254.07,47.213248
25.8,37.6,70.9,274.39,47.23146
26.3,38,69.4,294.72,47.122428
26,38.3,68.9,304.88,47.1905055
26.3,38.5,66.8,315.04,47.1995995
26.3,38.9,66.9,325.2,47.204148
26.7,39.3,63.6,345.53,47.1995995
27,39.7,65.1,345.53,47.14056
26.2,40.1,63.8,355.69,47.1269595
27,40.3,62.9,355.69,47.1450955
27.6,40.7,62.2,355.69,47.176872
27,40.8,61.5,345.53,47.167788
27.8,41.2,60.3,355.69,47.204148
27.7,41.4,59.5,355.69,47.167788
28.5,41.7,58.2,376.02,47.149632
27.7,41.9,58.7,376.02,47.2086975
27.5,42.2,59.9,376.02,47.1541695
28.5,42.6,58.6,396.34,47.104312
27.9,42.8,59.1,386.18,47.2086975
28.6,43.3,59.4,406.5,47.149632
28.8,43.6,58.4,386.18,47.1723295
28.3,43.9,58.6,396.34,47.1995995
29,44.1,56.6,386.18,47.09526
28.8,44.3,56.2,386.18,47.1178975
28.8,44.4,56.6,396.34,47.1360255
27.8,44.4,55.7,365.85,47.122428
28.7,44.5,55.5,386.18,47.059092
29.2,44.7,54.7,386.18,47.0907355
28.4,44.8,54.6,396.34,47.0726475
29.4,45.2,54.2,406.5,47.0726475
28.4,45.2,53,355.69,47.0907355
27.8,45,52,335.37,47.1178975
28.6,44.8,51.5,335.37,47.059092
28,44.8,50.8,355.69,47.09526
31,45.1,49.1,406.5,47.0184795
28.1,45.3,44.1,396.34,47.0274975
27.9,45.6,48.1,416.67,47.0094655
27.4,45.8,48.2,416.67,47.158708
28.5,46,47.6,416.67,47.1178975
27.7,46.1,47.7,416.67,47.149632
27.9,46.5,46.6,426.83,47.131492
28,46.8,46.4,426.83,47.0545755
27.8,46.8,46.2,416.67,47.14056
28.9,46.5,45.9,345.53,47.059092
28,46.4,45.8,355.69,47.059092
28,46.1,44.7,335.37,47.113368
27.5,46,45.1,335.37,47.05006
28.4,45.8,44.9,335.37,46.9824475
29.7,45.8,44.3,335.37,46.995952
27.2,45.5,45,315.04,47.1178975
27.6,45.2,43.5,304.88,47.0997855
28.5,45,44.3,315.04,47.013972
28.3,44.9,44.4,345.53,47.00496
28.7,45.1,43,355.69,47.0545755
28.3,45.3,42.6,376.02,47.0907355
28.4,45.5,42.1,406.5,47.077168
28.5,45.8,42,436.99,47.0455455
28.2,46.3,42.2,467.48,47.0094655
28.6,46.9,42,477.64,47.0365195
28.6,47.4,41.1,508.13,47.05006
28.8,48,40.5,518.29,47.0004555
28.6,48.5,41.5,528.46,47.032008
28.9,49.1,41.3,548.78,47.0455455
28.3,49.6,41.8,548.78,47.068128
28.6,50,41.8,548.78,47.149632
30.5,50.4,41.8,558.94,47.0816895
30,50.9,41.5,569.11,46.968952
30.3,51.5,41.9,558.94,47.0184795
30,51.8,40.7,569.11,47.059092
29,52.2,41.3,569.11,46.995952
30.7,52.5,39.7,569.11,46.9464795
30.1,52.7,40.1,569.11,46.9914495
30.1,52.9,39.9,569.11,47.068128
33.3,53.2,39.3,579.27,46.8300255
30.7,53.6,39.7,579.27,46.8657855
29.8,53.8,39.7,589.43,47.0184795
29.4,54,39.1,589.43,47.0636095
30,54.3,40,599.59,47.041032
29.2,54.5,39,599.59,47.068128
29.3,54.5,39,599.59,47.104312
29.4,54.7,38.9,589.43,47.0997855
29.8,54.7,37.8,589.43,46.9554655
29.4,54.9,37.8,589.43,47.0907355
28.8,54.8,38,579.27,47.14056
29.2,54.9,37.5,579.27,47.1088395
30.2,55,36.3,579.27,47.00496
32,55,37.2,589.43,46.95996
29.7,55.4,36.7,589.43,47.0094655
30.1,55.5,35.7,609.76,46.986948
31.2,55.8,36.1,609.76,46.941988
33.5,56.3,36.3,619.92,46.7675995
31.4,56.7,36.3,619.92,46.8121695
31.1,56.9,36.6,630.08,46.968952
32.5,57.3,37.2,630.08,46.9464795
30.7,57.5,35.1,630.08,46.9914495
33.3,57.7,36.8,619.92,46.87026
32,58.1,36.8,630.08,46.798788
31.7,58.2,36,619.92,46.789872
31.8,58.3,34.8,619.92,46.9105755
30.7,58.3,34.5,630.08,46.924032
30.6,58.3,34.7,630.08,46.986948
31.3,58.3,35.3,609.76,46.9824475
29.9,58.2,35.1,619.92,47.041032
30.4,58,36,609.76,46.9016095
31,58.3,34.9,630.08,46.933008
30.5,58.3,34.1,630.08,47.0184795
30,58.4,32.2,650.41,47.0365195
31,58.5,32.7,650.41,47.032008
29.9,58.5,33.4,650.41,47.0636095
30.3,58.6,32.2,630.08,47.068128
31.1,58.5,32.2,630.08,46.9914495
32.3,58.5,31.9,599.59,46.8389595
33.1,58.7,30.9,640.24,46.9464795
32.5,59.2,32,640.24,46.9824475
33.7,59.6,32.3,691.06,46.8478975
34.4,60.2,30.6,691.06,46.7142475
31.7,60.4,31,680.89,46.879212
33.9,60.5,32.1,670.73,46.7765055
32.4,60.8,31.8,691.06,46.763148
31,60.9,30.9,670.73,47.022988
31.8,60.9,31.1,680.89,46.9285195
30.5,60.9,30.9,680.89,47.041032
31.3,61,30.1,670.73,46.941988
32,60.9,30.6,640.24,46.950972
31.7,60.8,30.5,630.08,46.9644555
30.9,60.7,30.3,650.41,46.9464795
32.6,60.7,30.1,650.41,46.897128
31.2,61,29.4,701.22,46.95996
30.8,61,26.7,731.71,47.0094655
31.1,61.4,23.4,731.71,46.9195455
34.7,62.1,28.6,741.87,46.718688
33.3,62.3,29,741.87,46.8478975
32.2,62.5,28.5,782.52,46.9644555
33,62.3,28.7,254.07,46.9285195
32.3,60.7,28.4,538.62,46.763148
33.5,58.9,28.4,274.39,46.6698975
34.1,58.9,28.1,487.8,46.674328
30.3,57.2,28.5,223.58,47.041032
29.5,55.3,28.6,223.58,47.0545755
29.4,53.6,28.4,203.25,47.022988
29.9,52.2,29,223.58,47.0004555
29.6,51.8,29.3,243.9,47.05006
29.7,51.1,28.7,264.23,46.9824475
30.1,51.5,28.7,396.34,47.00496
30.3,51.9,28.4,365.85,46.9914495
30.4,51.1,28.7,233.74,46.933008
30.5,50.2,29,243.9,47.0004555
32.1,52.1,28.5,884.15,46.9195455
33,54.9,28.3,873.98,46.843428
34.8,57.3,27.6,863.82,46.861312
32.9,59,28.2,843.5,46.888168
33.4,60.2,27.9,823.17,46.8478975
32.7,61.1,27.2,782.52,46.798788
34.5,61.6,25.6,752.03,46.8478975
34,62.2,25.3,843.5,46.91506
34.8,63.2,25.6,863.82,46.9734495
31.9,63.9,26,904.47,46.933008
31.5,64.6,24.9,904.47,46.9914495
31.6,65.1,25.8,853.66,47.0004555
36.5,65.3,25.6,843.5,46.843428
30.9,63.7,25,203.25,46.968952
31.1,60.3,25.4,182.93,46.933008
31.1,57.6,25.2,182.93,46.9554655
30.4,55.3,26.3,182.93,47.059092
29.8,53.5,25.7,203.25,47.05006
30.5,52.2,25.2,254.07,47.0274975
30.1,51.9,23.7,233.74,47.0365195
29.8,51,25.5,223.58,47.068128
31.4,51.3,25.5,569.11,46.8032475
30.7,50.9,25.6,497.97,46.8389595
31.3,50.6,25.4,243.9,47.00496
30.9,49.5,24.8,223.58,46.87026
30.4,48.8,24.4,223.58,46.8657855
30.3,48.2,25.1,264.23,46.9734495
31,48.3,24.9,436.99,47.0094655
30.1,49.1,24.6,315.04,47.0094655
31.9,49,25.4,345.53,46.950972
32.8,49,24.1,335.37,46.8568395
31.5,49.2,24.6,315.04,46.9464795
30.8,49,24.6,294.72,46.9464795
30.9,48.5,24.3,304.88,46.941988
31.2,48.3,23.9,274.39,46.91506
30.8,47.9,23.8,274.39,46.995952
31.1,47.4,23.9,254.07,46.9374975
30.4,46.9,23.5,294.72,47.0365195
31.9,47,23.5,294.72,46.95996
33,47.9,23.3,955.28,46.9374975
33,51.4,23.8,945.12,46.843428
32.6,54.2,22.9,833.33,46.789872
33.8,53.4,23.5,203.25,46.8210955
31.7,51.4,23.9,172.76,46.82556
31.2,49.6,23.3,162.6,46.8926475
30.6,47.9,23.1,162.6,46.9195455
30.4,46.1,23.1,142.28,47.013972
29.8,44.6,24.2,121.95,47.013972
29.8,43.3,24,101.63,47.013972
29.2,42.1,24.2,91.46,47.0545755
30.6,41,23.3,81.3,46.8478975
30,40.3,24.7,91.46,46.9464795
29.6,39.6,24.9,91.46,46.8747355
30.6,39,24.4,101.63,46.87026
29.4,38.5,25.5,121.95,46.9734495
29.5,38.2,24.3,132.11,47.041032
29.4,38,24,152.44,47.068128
29.4,38,23.6,162.6,47.068128
29.2,38,23.9,182.93,47.0365195
29.3,38.1,23.6,203.25,47.00496
29.6,38.3,23.1,274.39,47.0365195
30,40.2,23.4,731.71,47.0455455
30,42.7,23.3,436.99,47.068128
30.5,42.9,22.7,365.85,47.0274975
30.5,43.5,23.2,630.08,46.95996
31.2,44.3,23.3,711.38,46.9734495
31.5,46.4,22.8,782.52,46.95996
34.3,49.2,22.8,36.59,46.807708
32,51.2,22.2,660.57,46.9374975
31.8,52.7,22.8,569.11,46.995952
32.2,54.4,23.4,6.1,46.9824475
32,55.3,23.3,26.42,46.87026
31.9,57,23.6,16.26,46.950972
33.9,58.6,23.7,16.26,46.798788
33.4,59.8,23.1,731.71,46.87026
31.6,57.7,23.3,294.72,46.7675995
31.7,54.8,22.5,264.23,46.7854155
34.3,52.6,23,223.58,46.7854155
30.9,50.5,23.3,203.25,46.897128
31.3,48.7,23.4,182.93,46.924032
30.3,47,22.5,172.76,47.0094655
29.7,45.5,23.3,162.6,47.0545755
29.4,44.5,23.1,162.6,47.0365195
29.4,43.5,23.3,172.76,47.059092
29.4,42.8,22.9,182.93,47.0636095
29.1,42.1,21.9,182.93,47.0726475
29.2,41.5,23,172.76,47.0816895
29.3,40.9,23.1,172.76,47.068128
29.5,40.5,23.7,182.93,47.0636095
29.3,40.1,24.5,182.93,47.0636095
29.2,39.8,24.6,203.25,47.068128
30,39.8,23.9,233.74,47.05006
29.9,39.9,24,254.07,47.0455455
29.4,39.8,24.5,274.39,47.09526
29.3,39.9,24.9,274.39,47.077168
29.5,40,24.1,264.23,47.0726475
29.3,40,24.6,264.23,47.0907355
29.3,39.9,24.9,264.23,47.0907355
29.6,39.9,26.4,264.23,47.0816895
29.2,39.7,25.2,254.07,47.086212
29.6,39.6,25.3,243.9,47.077168
29.5,39.5,24.7,243.9,47.077168
29.4,39.4,24,223.58,47.0816895
29.9,39.3,25.1,223.58,47.0636095
29.6,39,23.8,213.41,47.0726475
29.5,38.7,23.3,203.25,47.0726475
29.5,39,23.3,203.25,47.09526
29.1,38.8,23.1,203.25,47.0816895
28.7,38.9,23.7,203.25,47.09526
28.7,38.9,23.5,203.25,47.1178975
28.6,39,23.4,203.25,47.131492
28.7,39,24.1,203.25,47.104312
28.6,39,22.9,203.25,47.113368
28.8,39,23.9,203.25,47.104312
28.9,39.2,23.4,223.58,47.1178975
28.9,39.3,22.8,233.74,47.0997855
29.2,39.4,23.2,243.9,47.077168
29,39.6,23.2,264.23,47.1088395
28.7,39.9,23,284.55,47.131492
29.6,40.4,23.1,315.04,47.086212
29.2,40.8,22.5,315.04,47.1088395
29.3,41.1,23.9,315.04,47.104312
29.8,41.4,23.5,315.04,47.0545755
30,41.8,23.4,335.37,47.077168
29.9,42.2,22.8,345.53,47.077168
29.8,42.6,22.7,345.53,47.077168
29.3,42.8,23.2,315.04,47.0907355
29.5,42.9,22.8,304.88,47.068128
30,42.9,22.7,304.88,47.068128
30.4,42.9,23.9,294.72,47.0455455
29.6,43.1,23,304.88,47.077168
29.5,43,22.5,315.04,47.09526
29.5,43,22.9,315.04,47.0907355
29.7,43.2,23,325.2,47.0997855
29.5,43.3,23,335.37,47.09526
29.1,43.7,22.8,365.85,47.1269595
29.4,44.1,23.4,386.18,47.1088395
29.8,44.5,23.9,376.02,47.0907355
29.7,44.6,24.2,376.02,47.0907355
29.7,44.8,23.4,376.02,47.09526
31.3,45.1,23.4,396.34,46.95996
30.4,45.5,23.4,376.02,47.0545755
29.7,45.5,22.8,355.69,47.09526
29.2,45.5,22.9,355.69,47.113368
29.1,45.3,23.2,365.85,47.1178975
28.8,45.3,22.7,386.18,47.131492
28.9,45.3,23.6,386.18,47.1178975
28.6,45.4,23.4,396.34,47.1269595
29.1,45.7,23.8,436.99,47.131492
29.5,46,23.7,467.48,47.113368
29.4,46.7,23.9,518.29,47.104312
29.5,47.5,24.3,487.8,47.1178975
29.2,47.7,24.5,426.83,47.122428
30,47.6,23.6,386.18,47.068128
29.6,47.4,23.5,396.34,47.104312
29.3,47.1,23.4,426.83,47.1269595
29.4,47.3,23.9,508.13,47.1088395
29.5,47.9,24,457.32,47.1178975
29.9,48.1,24.1,386.18,47.0816895
29.1,47.6,24.2,315.04,47.122428
28.9,46.7,24.2,284.55,47.1178975
28.7,45.9,24.4,243.9,47.122428
29,45,23.7,223.58,47.1088395
28.9,44.3,24,223.58,47.1088395
29.2,43.8,23.6,223.58,47.1178975
28.7,43.3,23.8,233.74,47.131492
28.7,43,24.1,243.9,47.1178975
28.5,42.8,23.9,274.39,47.1269595
28.8,42.7,23.6,294.72,47.1178975
29.7,42.9,23.9,294.72,47.059092
29,43,24.2,284.55,47.0726475
30.4,43.1,23.9,274.39,46.9914495
29.1,42.9,24.4,274.39,47.09526
29,42.8,23.8,274.39,47.0997855
28.6,42.7,23.6,284.55,47.104312
28.9,42.7,25.5,284.55,47.077168
29,42.8,24.4,274.39,47.09526
29.4,42.6,23.9,274.39,47.0816895
28.8,42.6,23.5,264.23,47.1178975
29.5,42.5,23,264.23,47.0997855
28.6,42.3,23.1,254.07,47.1269595
28.9,42.2,23.8,254.07,47.113368
28.8,42.1,22.8,243.9,47.1088395
28.9,42,22.5,243.9,47.113368
29.3,41.9,22.6,243.9,47.104312
28.8,41.7,22.9,243.9,47.113368
28.9,41.6,22.8,233.74,47.1178975
29.1,41.5,23.4,243.9,47.1088395
29.3,41.3,22.5,243.9,47.09526
28.9,41.3,22.2,243.9,47.1088395
29.1,41.2,20.8,243.9,47.09526
29.4,41.2,21.1,233.74,47.0816895
29.6,41.2,21.5,223.58,47.077168
28.9,41,21.7,223.58,47.1088395
29.2,40.9,21.8,213.41,47.0997855
29,40.7,21.2,203.25,47.0997855
29.1,40.6,20.9,213.41,47.0997855
29.2,40.6,20.8,213.41,47.0907355
29.7,40.4,20.5,223.58,47.077168
29.2,40.5,20.5,223.58,47.0726475
29,40.6,20.5,223.58,47.104312
29.6,40.5,20.7,223.58,47.0636095
29.9,40.5,20.7,223.58,47.05006
29.5,40.5,21.2,223.58,47.077168
29,40.5,21.3,223.58,47.0907355
29.1,40.5,20.6,223.58,47.059092
29.5,40.5,20.3,223.58,47.059092
29.1,40.5,21.4,223.58,47.09526
29.5,40.5,21.4,233.74,47.0816895
29.2,40.5,22.7,223.58,47.09526
29.4,40.4,22.3,233.74,47.104312
29.5,40.5,22.4,223.58,47.0907355
29.1,40.5,22.7,223.58,47.113368
29.3,40.5,23.1,233.74,47.104312
29.3,40.5,23.6,243.9,47.0997855
29.1,40.5,23.1,243.9,47.104312
29,40.5,23.5,243.9,47.122428
29.5,40.6,23.5,243.9,47.0907355
28.7,40.5,23.8,243.9,47.1178975
28.9,40.6,24.4,243.9,47.113368
29,40.6,25.3,243.9,47.113368
28.9,40.7,25.1,243.9,47.113368
29,40.7,26.3,243.9,47.122428
29,40.6,25.4,223.58,47.113368
29.3,40.5,25.7,213.41,47.1088395
28.9,40.3,25.9,203.25,47.104312
28.7,39.9,25.5,182.93,47.1178975
28.7,39.6,25.9,182.93,47.122428
28.6,39.3,26.2,162.6,47.131492
29,39.1,26.5,162.6,47.113368
28.6,38.6,25.5,152.44,47.0997855
28.7,38.3,26.3,142.28,47.104312
28.8,38.1,25.9,132.11,47.09526
28.6,37.7,26.9,121.95,47.1178975
28.6,37.3,26.9,111.79,47.131492
28.4,36.9,27,111.79,47.122428
28.7,36.6,26.4,111.79,47.122428
28.5,36.4,26.5,121.95,47.1269595
28.6,36.2,26.7,111.79,47.122428
28.6,36,26.7,111.79,47.122428
28.9,35.9,27.1,111.79,47.0997855
28.9,35.8,27.1,111.79,47.113368
28.4,35.7,27.5,101.63,47.14056
28.5,35.4,27.3,101.63,47.131492
28.4,35.2,28.2,101.63,47.131492
28.3,35.1,28.8,101.63,47.1450955
28.3,34.9,28.9,101.63,47.1360255
28.3,34.8,29.3,91.46,47.1360255
28.3,34.6,29.8,81.3,47.131492
28.3,34.3,30.3,81.3,47.1269595
28.3,34.2,29.4,81.3,47.131492
28.2,34.1,29.7,71.14,47.14056
28.1,33.8,29.6,71.14,47.1360255
28.3,33.7,29.9,60.98,47.1269595
28,33.5,29.8,60.98,47.131492
28.1,33.3,30.3,60.98,47.1450955
28.3,33.1,30.2,60.98,47.131492
28.2,33,30,60.98,47.1360255
28.4,32.9,29.1,60.98,47.131492
28.3,32.8,29.9,60.98,47.1178975
28.4,32.7,29.4,60.98,47.1360255
28.2,32.7,29.4,60.98,47.1360255
28.3,32.6,29.3,60.98,47.1360255
28,32.6,29.2,60.98,47.1360255
28.1,32.6,30,60.98,47.14056
28.1,32.6,30,60.98,47.14056
28,32.5,29.8,71.14,47.1450955
28,32.5,29.7,71.14,47.1450955
28.2,32.5,29.4,71.14,47.14056
28.1,32.5,29.5,71.14,47.1360255
28,32.5,30.4,71.14,47.1541695
28,32.5,29.6,81.3,47.1632475
28.1,32.6,29.9,81.3,47.1814155
28.1,32.5,29.7,81.3,47.149632
28,32.6,30.3,81.3,47.149632
28.1,32.6,29.9,81.3,47.1541695
28,32.6,30.4,81.3,47.1541695
28,32.7,31.2,81.3,47.1541695
28.1,32.8,31.2,81.3,47.149632
28.1,32.8,30.7,91.46,47.149632
28.2,32.7,31,91.46,47.1360255
28.1,32.8,30.8,91.46,47.14056
27.9,32.8,30.9,91.46,47.158708
28.2,32.8,30.2,91.46,47.122428
28.3,32.8,30,101.63,47.131492
28.2,32.9,30.1,101.63,47.104312
28.3,33,30.5,101.63,47.104312
28.3,33.1,30,101.63,47.122428
28.3,33.2,31.5,101.63,47.122428
28.1,33.4,32.4,101.63,47.149632
28.1,33.3,32.2,101.63,47.1450955
28.1,33.3,33.3,101.63,47.1541695
28.2,33.3,33.4,111.79,47.1450955
28,33.4,33,111.79,47.1450955
27.9,33.5,33.5,111.79,47.149632
28.1,33.5,33.5,111.79,47.149632
28.1,33.7,33.9,111.79,47.14056
28.2,33.7,35.6,111.79,47.1360255
28.2,33.7,36.6,121.95,47.1450955
28.2,33.7,37.2,121.95,47.1450955
28.5,33.8,38.6,111.79,47.131492
28.3,33.9,37.9,111.79,47.14056
28.5,33.9,37.8,111.79,47.1360255
28.3,33.9,38.3,111.79,47.1450955
28.3,33.9,38.8,111.79,47.14056
24.3,29.1,62.4,86,38.53675641
24.5,29.4,62.4,84.9,38.53675641
24.3,29.5,62.1,84.6,38.54349069
24.4,29.6,61.1,83.9,38.56601166
24.6,29.7,60.9,83.5,38.57052942
24.3,29.8,60.5,83.1,38.57957852
24.5,30,60,82.3,38.5909154
24.5,30.1,59.4,82.5,38.6045571
24.3,30.2,58.8,81.9,38.61823971
24.7,30.4,58.5,81.2,38.62509638
24.4,30.5,58.5,81.4,38.62509638
24.5,30.6,57.6,80.3,38.64572792
24.6,30.6,57.2,79.6,38.65492717
24.3,30.7,57,79.3,38.65953365
24.5,30.7,55.6,78.3,38.69190724
24.5,30.7,56.4,78,38.67338055
24.4,30.7,55.9,77.9,38.68495113
24.4,30.8,56,77.4,38.68263472
24.5,30.9,55.3,76.6,38.69887367
24.3,30.9,55.5,76.6,38.69422823
24.9,31,55.1,75.7,38.70352371
24.6,31,55.5,76.2,38.69422823
25,31.1,54.9,75.2,38.70817834
24.7,31.2,54.3,74.8,38.72216984
24.5,31.3,54,74.5,38.72918114
24.6,31.4,53.8,73.6,38.7338611
24.8,31.5,53.4,73.9,38.74323486
25,31.6,52.4,72.9,38.76675011
25.2,31.6,52.5,72.4,38.76439338
25.1,31.8,53,72.5,38.75262709
25,32,52.1,71,38.77382724
24.8,32.1,51.7,71,38.78327963
25.6,32.3,50.5,70.4,38.8117482
25.1,32.4,51.8,71,38.7809148
25.8,32.7,50.3,69.5,38.81650923
25.3,32.9,50.3,70,38.81650923
25.2,33.1,49.9,69.3,38.82604525
25.1,33.3,49,68,38.84756949
26,33.5,48.3,67.4,38.86437594
25.6,33.8,48.4,67.1,38.86197151
25.8,34,48.6,67.6,38.85716616
25.4,34.3,48.7,67.5,38.85476524
25.3,34.4,47.8,67.3,38.87641563
25.9,34.6,47.7,66.3,38.87882708
25.7,34.8,47.1,66.3,38.89332039
25.8,34.9,47.2,66.3,38.89090191
25.5,34.9,45.8,65.6,38.92486756
25.9,35,46.2,65.3,38.91513958
25.1,35.1,45.9,64.9,38.9224338
25.7,35.3,45.3,63.8,38.93705403
25.3,35.3,45.4,64.1,38.93461438
25.9,35.5,44.5,62.7,38.95661368
25.5,35.6,44.8,62.9,38.94926996
25.7,35.7,44.5,63.1,38.95661368
27.7,36,43.9,62.1,38.97133302
25.3,36.2,43.3,60.8,38.98609494
26.6,36.3,42.9,60.4,38.99595991
26.3,36.6,43.1,60.5,38.99102505
26.4,37,42.4,59.5,39.00831781
28.5,37.4,42.4,59.3,39.00831781
26.8,37.7,42.5,60,39.00584386
26.6,37.9,41.7,59.3,39.02566875
26,38,41,58.1,39.04307797
25.9,38.3,40.8,57.8,39.04806275
26.4,38.5,40.5,57.2,39.05554887
26.4,38.7,39.9,56.9,39.07055333
26.4,38.9,39.6,56.7,39.07807168
27.9,39.1,39.3,56.9,39.0856008
26.7,39.3,38.2,56,39.11329977
27,39.4,39.2,56.2,39.0881129
26.5,39.5,37.5,56,39.13100197
26.3,39.4,37,54.7,39.14368245
26.3,39.3,36.8,54.5,39.14876307
26,39.3,36.2,53.8,39.16403382
26.7,39.6,36,53.3,39.16913372
26.6,39.7,36.6,53.6,39.1538485
26.9,40.2,36,53.1,39.16913372
26.8,40.6,35.5,52.6,39.18190458
27.7,41.2,35.5,52,39.18190458
28,41.7,35.8,52,39.17423844
27.6,42.3,35.4,51.9,39.18446238
28.4,42.8,35.4,51.9,39.18446238
27.6,43.4,34.7,50.9,39.2024008
27.6,43.9,34.2,50.2,39.21525027
29.6,44.5,33.8,50,39.22555166
29.1,45,33.7,50.2,39.22813004
29.2,45.5,33.3,50,39.23845569
28.6,45.9,32.4,48.2,39.26175951
28.3,46.4,30.7,46.3,39.30604705
27.8,46.6,30.9,41.6,39.30081844
27.6,47,30.9,44.2,39.30081844
27.8,47.4,30.8,44.8,39.30343213
28.2,47.8,30.7,44.8,39.30604705
28.6,48.3,29.7,44.4,39.33226349
29,48.7,29.9,44.8,39.3270104
28.5,49,28.6,44.9,39.36124312
28.6,49.2,28.4,43.5,39.36652811
29.8,49.5,28.2,43.3,39.37181801
27.9,50,27.5,42,39.39037144
30.2,50.2,26.4,41.3,39.41964885
29.1,50.7,26.2,40.3,39.42498806
29.8,51,26.2,40.9,39.42498806
29.9,51.3,24.4,40.3,39.47326375
29.6,51.7,25.7,40.5,39.43835773
29.9,52.1,25.1,40,39.45444217
31.4,52.4,25.2,40,39.45175834
29.7,52.7,24.3,39.4,39.47595751
29.7,52.7,23.7,38.2,39.49214615
32.9,53,24,38,39.48404624
32.5,53.3,23.7,38.1,39.49214615
32,53.5,23.4,38.4,39.50025726
29.2,53.7,23,37.4,39.51108949
29.2,53.7,22.5,37,39.52465781
29.6,53.7,22.8,36.9,39.51651308
30.2,54.1,22.5,37.9,39.52465781
30.6,54.3,22.2,36.4,39.53281376
30.1,54.6,20.5,36.4,39.57924322
32.2,54.8,21.6,35.3,39.54915937
31,54.9,21.7,35.7,39.54643198
30.8,55.1,21.7,35.8,39.54643198
30.3,55.3,21.6,35.3,39.54915937
30.9,55.7,22,35.2,39.5382573
30.3,55.8,21.3,34.5,39.55734904
30.9,56.1,21.5,31.8,39.55188801
32,56.4,21.2,33.7,39.56008143
29.5,56.6,20.8,34,39.57102351
30,56.7,20.8,33,39.57102351
30.1,57,20.5,31.9,39.57924322
29.4,57.1,20.4,32.7,39.58198563
29.7,57.2,19.7,32.2,39.6012176
29.2,57.4,19.8,32,39.59846641
31,57.8,20.1,32.3,39.59022038
30.6,58.1,19.8,31.9,39.59846641
31,58.6,19.8,31.7,39.59846641
31,58.8,19.6,31.5,39.60397004
29.4,58.7,18.8,31.4,39.62603483
30.8,59,18.7,30.7,39.62879859
30.4,59.2,19.2,31.4,39.61499238
30.7,59.6,18.2,30.6,39.64263625
30.8,58.5,18.9,30,39.62327233
29.7,57.6,18.6,30.1,39.6315636
30.1,56.5,18.7,29.7,39.62879859
30.4,56,18.3,29.5,39.6398662
31.1,56.8,18.5,29.9,39.63432988
30.3,58.2,18.6,28.6,39.6315636
30.4,59.4,18.3,29.7,39.6398662
30.1,59.7,18.3,29.3,39.6398662
31.5,60.5,18,29.1,39.64818014
30.8,61.3,18,28.5,39.64818014
30.5,61.7,18,28.4,39.64818014
29.6,60.9,16.7,27.9,39.68433841
30.1,58.4,18.2,27.7,39.64263625
29.1,56.1,17.1,27.3,39.67319006
30.1,54.5,17.7,26.9,39.65650542
29.3,53,17.9,26.8,39.65095397
30.8,52,18.2,26.9,39.64263625
29.5,50.9,18.1,26.7,39.64540757
31.3,50.2,18.4,27,39.63709741
30.9,49.5,19.2,28.5,39.61499238
30.7,48.7,19.4,28,39.6094787
29.7,47.9,19.8,28.5,39.59846641
31.6,47.4,20.2,29,39.58747421
31.1,46.9,20.5,29.3,39.57924322
30.2,46.7,20.6,29.9,39.57650207
28.9,46.5,20.8,29.7,39.57102351
29.5,46.1,21.3,30.6,39.55734904
29.3,45.9,21.6,30.1,39.54915937
30.9,46.3,21.7,30.7,39.54643198
30.2,47.5,22,30.7,39.5382573
29.9,48.3,21.9,30.6,39.54098094
29.2,47.7,22.1,31.4,39.53553491
29.3,46.8,22,31,39.5382573
31.4,46.2,22.1,31.5,39.53553491
31,45.7,22.4,31.8,39.52737521
30.1,45.5,22.3,31.6,39.53009386
30.7,45.7,22.6,31.6,39.52194165
35,46.7,22.5,31.6,39.52465781
32.3,48.3,22.6,32.4,39.52194165
30.3,50.1,22.6,32.3,39.52194165
30.1,51.2,22.9,32.8,39.51380066
29.9,50.8,22.4,32,39.52737521
30.9,51.6,22.5,32.3,39.52465781
29.6,51.6,22.3,32.4,39.53009386
30.5,52.8,21.5,32,39.55188801
31.3,53.7,22.1,32.1,39.53553491
30.6,54.4,21.8,31.9,39.54370584
31.1,55.1,21.6,31.8,39.54915937
30.1,54.6,21.1,31.4,39.56281508
29.6,53.3,20.9,30.9,39.56828612
31.2,53.3,20.6,30.8,39.57650207
31.4,53.7,20.6,31.2,39.57650207
35.4,53.8,20.7,30.2,39.57376216
32.3,54.7,20.2,30.4,39.58747421
32.9,55.5,19.8,29.6,39.59846641
33.3,56.5,19.7,29.3,39.6012176
32.7,56.9,20,29.3,39.5929678
32.1,57.2,20.1,29.2,39.59022038
31.7,57.4,19.5,27.9,39.60672374
31.4,57.6,19.2,29.9,39.61499238
31.7,58.2,18.9,27.3,39.62327233
34.4,58.8,19,27.7,39.62051109
33.5,59.4,19.4,28.9,39.6094787
33,60.2,18.7,28.6,39.62879859
33.6,60.8,18.3,28.3,39.6398662
34.2,61.6,18.2,28.1,39.64263625
34,62.4,17.9,28.5,39.65095397
31.3,63,18.4,28.4,39.63709741
31,63.3,17.6,27.8,39.65928304
31.6,63.6,16.9,26.8,39.67876171
32.1,64,16.3,26.5,39.69550699
34.3,64.5,16.2,26,39.6983023
34.3,65.1,15.9,25.9,39.70669583
34.4,65.5,16.1,25.8,39.70109888
34.7,65.9,15.9,25.3,39.70669583
35,66.5,15.7,25.4,39.71229785
33.8,66.9,15.7,25.1,39.71229785
32.5,67.1,15.6,25,39.71510076
34.2,66.8,15.5,25.1,39.71790493
32,64.7,15.1,24.6,39.72913433
31.1,62.3,15.2,22.8,39.72632508
31.8,60.5,15.7,23.9,39.71229785
31.1,58.9,15.6,24.1,39.71510076
31.5,57.8,15.7,23.9,39.71229785
33.3,58.3,15.8,24,39.7094962
31.8,58.3,15.8,24,39.7094962
32.1,56.7,16.2,23.4,39.6983023
31.4,55.3,16.1,24,39.70109888
31.8,54.6,16.6,25.7,39.68712866
31.6,55.6,16.2,25.2,39.6983023
32.7,57,16.5,24.8,39.68992017
32.2,58.1,16.6,25.7,39.68712866
31.3,58.5,17.1,25.5,39.67319006
32.8,58.7,17.1,25.7,39.67319006
31.6,57.4,17.2,26.4,39.67040613
31.4,55.8,17.3,25.7,39.66762346
30.5,54.1,17.5,26.2,39.66206192
30.5,52.7,17.3,25.2,39.66762346
30.3,51.5,17.4,26,39.66484206
30.3,50.3,17.9,25.3,39.65095397
30.5,49.4,18,25.8,39.64818014
30.3,48.5,18.2,25.9,39.64263625
29.7,47.7,18.1,26.5,39.64540757
30.1,47.2,18.8,26.3,39.62603483
29.9,46.7,19.3,26.4,39.61223491
30.6,46.4,19.6,27.3,39.60397004
31.1,46.6,20.2,27.2,39.58747421
30.7,47.4,20.7,29,39.57376216
30.7,48.3,20.9,28.5,39.56828612
31.5,48.7,20.8,28.6,39.57102351
31.5,49.1,21,28.8,39.56554997
31.3,49.2,20.9,28.9,39.56828612
32.3,49.2,21.3,29.2,39.55734904
31,48.8,21.2,29.1,39.56008143
31.4,48.4,21.4,29.4,39.5546179
30.8,48.4,21.1,29,39.56281508
30.2,48.3,21.2,28.9,39.56008143
30.4,47.6,21.4,28.9,39.5546179
30,46.9,21.3,29.6,39.55734904
31.1,46.3,21.2,28,39.56008143
31,45.6,21.2,27.6,39.56008143
31.4,44.9,21.4,27.9,39.5546179
31.3,44.4,22.2,28.5,39.53281376
31.3,43.9,21.9,29.1,39.54098094
31.8,43.4,22.4,30.3,39.52737521
30.3,43.1,22.9,31.4,39.51380066
30.2,42.6,23.2,32.2,39.50567088
30.1,42.1,23.2,32.1,39.50567088
29.6,41.3,24.4,33.6,39.47326375
29.5,40.4,24.7,34,39.46518992
29.6,39.6,25.1,34.1,39.45444217
30,38.8,25.9,33.9,39.43300615
29.5,38.2,25.7,34.8,39.43835773
29.1,37.7,28.1,35.5,39.37446481
28.8,37.1,28.4,36.1,39.36652811
29.1,36.7,28.9,36.4,39.35332486
29,36.3,29.2,36.9,39.34541764
29.4,36.2,30.2,37.6,39.31913997
29.1,36,30,37.8,39.3243857
28.9,36,30.2,39,39.31913997
28.6,36.2,30.6,38.6,39.30866319
28.7,36.4,32.6,38.8,39.25657237
29.3,37.4,32.6,40.3,39.25657237
28.8,37.9,32.8,40.3,39.2513901
29,39.4,32.6,40,39.25657237
29,40.9,32.8,39.9,39.2513901
29,41.3,32.5,40.8,39.25916533
28.6,41.6,32.7,41.2,39.25398063
29.1,42.9,32.5,41.6,39.25916533
29.1,43.3,32.6,41.8,39.25657237
29.7,45.4,32.4,42,39.26175951
30.5,48.8,31.2,41.8,39.29298469
30.5,51.8,30,42.1,39.3243857
31.3,53.5,28.5,40.9,39.363885
29.5,52.8,27.7,39.5,39.38506431
30.2,51.5,27.1,38.7,39.4010005
30.2,50.9,26.6,38.4,39.41431458
30.6,50.7,26.3,37.7,39.42231784
31.5,53.2,25.8,37.6,39.43568132
31.4,54.5,25.7,37.7,39.43835773
32.2,55.5,25,37.6,39.45712725
31,55.4,24.1,36.9,39.48134875
31.3,55,23.5,35.3,39.49755231
31.1,56.3,22.5,34.8,39.52465781
31.6,57.6,22.3,33.8,39.53009386
32.5,58.1,21.9,33.8,39.54098094
32.2,58.3,21.9,33.4,39.54098094
32.2,58.4,21.7,33.6,39.54643198
31.5,57.1,21.1,32.6,39.56281508
30.5,55.4,20.3,31.8,39.58472929
29.9,53.7,19.7,30.5,39.6012176
30,52.4,20.3,30.1,39.58472929
29.5,51.2,19.6,29.8,39.60397004
30.9,51.2,20,29.3,39.5929678
30.1,50.5,20.3,30.1,39.58472929
28.9,48.9,20.7,29.9,39.57376216
28.6,47.1,21.9,31.5,39.54098094
28.5,45.1,22.4,31.9,39.52737521
27.9,43.3,23.1,31.6,39.50837956
27.6,41.7,23.5,32.3,39.49755231
27.8,40.4,24.4,33.2,39.47326375
27.6,39.1,25.1,33.4,39.45444217
27.4,37.8,25.5,33.6,39.44371426
27.2,36.9,27.6,34.8,39.38771726
27.5,36.1,28.7,35.4,39.35860247
27.1,35.4,30,34.9,39.3243857
26.7,34.6,30.7,36.6,39.30604705
26.5,33.7,32.1,38,39.26954935
25.3,32.9,33.8,38.7,39.22555166
24.1,31.6,35.5,40.1,39.18190458
23.5,30.8,36.9,40.6,39.14622216
23.3,25.2,38.8,42.5,39.09817327
21.7,23.8,39.8,42.7,39.07305825
21.9,23.8,41.2,43.7,39.03809795
22.3,24.2,42.7,44.3,39.00089951
22.6,24.1,43.7,45.5,38.97624892
23,23.9,45.2,46.6,38.93949486
24,23.8,46,47.5,38.92000122
23.7,24.1,48.6,47.8,38.85716616
23.8,23.9,50.9,51.1,38.80224009
24.2,23.4,51.4,52.7,38.7903811
24.1,23.3,52,53.4,38.7761886
24.1,24.1,52.8,53.4,38.75733014
24,26.1,53.8,56.3,38.7338611
24.3,26.1,55,58.6,38.70585045
24.3,26.1,55.8,58.8,38.68726868
24.6,26.1,56.1,59.7,38.68031946
24.2,26.2,58,63.3,38.63654694
24.3,26.1,58.9,63.2,38.61595643
24.1,26,59.5,65.5,38.60228064
24.4,25.9,58.7,65.1,38.62052413
24.4,25.9,58.2,65.3,38.63196329
24.3,25.9,58.1,65.7,38.63425455
24.8,25.9,59.5,68,38.60228064
24.9,26,60.3,69.7,38.58410987
24.8,26.1,61.3,71.5,38.56149842
24.4,26.3,61.7,72.1,38.55248552
24.6,26.3,61.3,72.4,38.56149842
24.6,26.4,61.4,73.6,38.5592435
24.5,26.5,60.7,72.7,38.5750517
24.5,26.6,60.8,73.6,38.57278999
24.8,26.7,62.3,75,38.53900004
24.9,26.8,63.2,76.9,38.51884792
24.5,26.9,63.8,78,38.50546382
24.7,26.9,64,77.9,38.50101144
24.9,27,63.1,77.8,38.52108254
25,27.1,63,79.6,38.52331829
24.7,27.1,62.8,79.8,38.52779316
24.5,27.2,62.1,79,38.54349069
24.4,27.2,61.8,79,38.55023512
24.5,27.3,63.2,79.8,38.51884792
24.4,27.3,64.2,80.5,38.49656355
24.4,27.4,63.7,79.2,38.50769169
24.4,27.5,63.5,80.1,38.51215081
24.6,27.5,63.4,80.1,38.51438206
24.5,27.6,63.5,80.1,38.51215081
24.6,27.7,63.6,80.4,38.50992069
25.6,27.9,63.3,80.5,38.51661443
25,28,63.5,80.8,38.51215081
25,28.1,64.4,81.6,38.49212015
24.7,28.1,64.4,82.3,38.49212015
24.6,28.2,64.3,82.2,38.49434129
24.5,28.2,63.8,82.1,38.50546382
24.8,28.3,64,82.2,38.50101144
24.9,28.5,62.9,81.4,38.52555516
24.7,28.6,62.2,81,38.5412448
25.1,28.6,61.5,80.5,38.55698971
24.8,28.7,62.2,80.8,38.5412448
26,28.9,61.6,79.9,38.55473705
25.1,29.1,61.7,80.5,38.55248552
25.1,29.2,60.1,79.6,38.58864576
24.9,29.4,59.8,78.7,38.59545809
24.8,29.6,59.2,78.6,38.60911342
24.8,29.7,59.5,78.6,38.60228064
25.3,30,57.8,76.5,38.64113515
25.2,30.1,57.7,74.5,38.64343096
25.5,30.3,57.8,76.8,38.64113515
25.2,30.5,57.7,77.5,38.64343096
25.4,30.8,57.2,77.1,38.65492717
25.3,30.9,57.7,77.9,38.64343096
25.3,31.1,56.9,76.7,38.66183861
25.3,31.3,57.4,77.3,38.65032526
25.6,31.4,55.7,75.5,38.68958739
25.4,31.6,55.9,75.8,38.68495113
25.5,31.8,55.8,75.7,38.68726868
25.2,32,55.3,75.6,38.69887367
25.2,32.1,55.5,75.1,38.69422823
25.5,32.3,54.7,74.2,38.71283757
25.4,32.5,54.5,73.5,38.71750141
25.5,32.7,54.2,73.2,38.72450579
25.5,32.9,54.3,73.3,38.72216984
25.5,33.2,54.6,73.6,38.71516891
25.6,33.4,54.7,73.7,38.71283757
25.7,33.7,54.4,73.5,38.71983505
25.7,33.9,54.4,73.3,38.71983505
26.1,34.2,54.5,73.1,38.71750141
25.8,34.4,53.5,72.6,38.74088969
25.6,34.6,53.4,72.3,38.74323486
25.8,34.7,52.6,72.8,38.76203781
26.2,34.9,52,70.6,38.7761886
25.9,35.1,51.9,70.3,38.77855112
25.7,35.3,51.9,70,38.77855112
25.6,35.5,50.6,68.2,38.80936943
26.1,35.8,49.7,66.5,38.83082026
26,36,49.4,66.2,38.8379915
25.9,36.2,48.4,65.1,38.86197151
25.9,36.5,47.9,64.5,38.87400535
26.1,36.7,47.5,62.9,38.88365349
26,36.7,46.8,63.2,38.90058289
25.9,36.7,46.3,62.2,38.91271053
26.1,36.8,46.3,61.6,38.91271053
26.1,36.7,45.7,61.5,38.9273025
26.2,36.8,45.2,60.7,38.93949486
26.2,36.8,45,60.1,38.94438005
26.3,36.8,44.9,59.8,38.94682442
25.9,36.8,44.6,59.1,38.95416459
26,36.8,44.1,58.6,38.96642184
26.1,36.8,44,57.6,38.96887684
26.5,36.7,43.8,55.5,38.97379038
26.3,36.7,44,57.6,38.96887684
26.4,36.6,43.9,57.9,38.97133302
26.1,36.6,43.2,57.5,38.9885594
26.2,36.7,43.1,56.9,38.99102505
26.2,36.7,43,56.1,38.99349189
26.1,36.7,42.7,56.1,39.00089951
26.3,36.8,42.8,56,38.99842912
26.3,36.8,42.6,56.2,39.00337109
26.5,37,42.3,55.8,39.01079295
26.3,37,42.1,55.5,39.0157468
26.6,37.2,42.1,55.1,39.0157468
26.6,37.2,41.9,55.3,39.02070539
26.4,37.2,42,54.9,39.0182255
26.4,37.2,41,53.8,39.04307797
26.4,37.3,40.9,54,39.04556977
26.5,37.2,41.1,53.8,39.04058737
26.9,37.1,40.4,53.7,39.05804663
26.8,37.2,40.9,54.4,39.04556977
26.8,37.3,38.2,53.4,39.11329977
27.4,37.4,40.2,53.7,39.06304573
27.6,37.7,39.3,53.6,39.0856008
27.1,37.9,38.6,53.5,39.10321064
27.2,38.1,38.4,52.9,39.10825281
26.6,38.2,38.1,52.4,39.11582506
27.2,38.4,38.2,51.6,39.11329977
26.9,38.5,38.3,52.3,39.11077569
27.6,38.5,37.8,52.1,39.12340811
26.8,38.5,38.3,52,39.11077569
26.8,38.5,38.4,52.4,39.10825281
28,38.6,37.9,53.1,39.12087922
28.2,38.6,37.8,52.6,39.12340811
27.2,38.6,38.1,53,39.11582506
27,38.5,38,52.2,39.11835154
27.9,38.3,38.1,52.2,39.11582506
27.2,38.2,37.8,51.7,39.12340811
27,38,37.3,50.9,39.13607055
27.3,37.7,37.8,51.1,39.12340811
26.7,37.5,37.5,50.8,39.13100197
26.8,37.3,37.5,49.6,39.13100197
27,37.1,37.3,49.4,39.13607055
26.3,36.8,37.2,48.7,39.13860665
27.2,36.7,37.3,48.4,39.13607055
26.8,36.5,37.4,48.4,39.13353566
27.2,36.7,48.4,132.11,39.13607055
26.8,36.5,48.4,121.95,39.13353566